resolution,target,prophet_mae,prophet_rmse,prophet_mse,prophet_mape,lstm_mae,lstm_rmse,lstm_mse,lstm_mape,hybrid_mae,hybrid_rmse,hybrid_mse,hybrid_mape,hybrid_r2,residual_mape_test,training_time_sec,results_dir
5min,request_count,60.30581268784606,86.98685695368624,7566.713282681072,36.75063156072657,84.83166397893834,99.37351016928925,9875.094523365833,81.90943048808498,36.30450886305825,49.175510065846325,2418.2307902361536,27.727775907874623,0.8385761412260853,218.91302727291512,97.18173384666443,/kaggle/working//5min_request_count
5min,total_bytes,973493.8383050155,1360364.5427512447,1850591689174.8032,38.54532966911237,1319318.649934887,1534949.6585285112,2356070454216.793,95.59002891522864,641592.3316489706,864137.5787855631,746733755069.3754,29.12314519798256,0.7096057259514367,290.50862773388167,98.83050966262817,/kaggle/working//5min_total_bytes
15min,request_count,171.43787965566165,239.5984966203883,57407.439582750216,30.994279153112565,220.4430963168647,264.181036154601,69791.61986371857,61.25757088414731,85.47748449379296,116.57456395598005,13589.628961526883,16.63035497236116,0.892051950122141,331.3181339590608,45.22539520263672,/kaggle/working//15min_request_count
15min,total_bytes,2503810.9130060817,3426019.39000575,11737608860695.373,34.025130714299586,3311873.74878132,3926442.063942196,15416947281494.652,71.71699036453131,1471648.530981927,1957291.5913082191,3830990373405.8604,21.634203305457103,0.8104714029224844,197.2571530561366,53.3588433265686,/kaggle/working//15min_total_bytes
