resolution,target,best_model,mae,mse,rmse,mape,r2
1min,request_count,LSTM,10.349548625060965,193.05707182693652,13.894497897618917,40.8013323417072,0.7352087963662757
1min,total_bytes,LSTM,195105.41043675682,67321942989.51972,259464.7239790406,92.29918569363805,0.5533954255952649
5min,request_count,LSTM,34.629430046938445,2127.400741528066,46.12375463389842,27.520166132364587,0.8582942050269984
5min,total_bytes,LSTM,596034.9983176801,613800516593.7257,783454.2211219018,29.480417821800238,0.7619162856346343
15min,request_count,BiLSTM,86.97017139168673,14172.908338192105,119.05002451991392,16.81810651775798,0.8877005284418935
15min,total_bytes,LSTM,1410237.3238372093,3630460263569.9727,1905376.6723590307,21.422006933695588,0.8209100663095821
