Model,MAE,MSE,RMSE,MAPE,R2
Prophet,2735334.994628962,13634517603495.889,3692494.7668880844,36.61333015910858,0.3254665918353905
