bucket,err
low,5.593418829045464
mid-low,8.369859670124688
mid-high,10.501306563198256
high,17.199913466943404
