frequency,target,RMSE,MSE,MAE,MAPE
1min,request_count,14.120395804105545,199.3855776646015,10.367595930571785,27.727135393362456
