bucket,scale_factor
mid-high,1.3797181300232517
mid-low,1.0086223980743136
high,1.9352364578256276
low,0.5636135842488501
