resolution,target,mae,mse,rmse,mape,r2,interval_coverage,changepoint_prior_scale,seasonality_prior_scale,seasonality_mode,training_time_sec,results_dir
1min,request_count,15.906584795814455,468.7451825669695,21.650523840474843,61.37673737473494,0.35622976438357845,97.67746913580247,5,10,multiplicative,389.8606939315796,/kaggle/working//1min_request_count
1min,total_bytes,259025.29157388673,123728940972.5858,351751.2487150341,124.89790279384303,0.17823795065664416,97.55401234567901,1,10,multiplicative,378.10928177833557,/kaggle/working//1min_total_bytes
5min,request_count,59.52490293567369,7359.099816373465,85.7851957879299,36.67001323771636,0.5087589264606942,98.0324074074074,1,10,multiplicative,78.33343815803528,/kaggle/working//5min_request_count
5min,total_bytes,959101.7646349823,1791187224515.0933,1338352.429113906,38.4213268442745,0.3034324346302024,97.80092592592592,1,30,multiplicative,73.0357186794281,/kaggle/working//5min_total_bytes
15min,request_count,189.04367332852073,67020.43800339571,258.88305854844134,33.96258373206545,0.46762890989088157,98.0324074074074,5,10,multiplicative,18.960686445236206,/kaggle/working//15min_request_count
15min,total_bytes,2735334.994628962,13634517603495.889,3692494.7668880844,36.61333015910858,0.3254665918353905,98.49537037037037,1,10,multiplicative,19.586065530776978,/kaggle/working//15min_total_bytes
