Model,MAE,MSE,RMSE,MAPE,R2
Prophet,189.04367332852073,67020.43800339571,258.88305854844134,33.96258373206545,0.46762890989088157
