Model,MAE,MSE,RMSE,MAPE (%),R²,UPR,OPR
LSTM,10.349548625060965,193.05707182693652,13.894497897618917,40.8013323417072,0.7352087963662757,0.5182521268368137,0.4817478731631864
