Model,MAE,MSE,RMSE,MAPE (%),R²,UPR,OPR
BiLSTM,602365.8931061192,630292716840.9152,793909.7661831067,29.26817716468616,0.7555192165759466,0.4635941130906274,0.5364058869093726
