Model,MAE,MSE,RMSE,MAPE (%),R²,UPR,OPR
BiLSTM,10.3749832302839,194.01484366157803,13.928921123388488,41.39372939947855,0.7338951456696126,0.5193348801237432,0.48066511987625676
