Model,MAE,MSE,RMSE,MAPE (%),R²,UPR,OPR
BiLSTM,86.97017139168673,14172.908338192105,119.05002451991392,16.81810651775798,0.8877005284418935,0.5186046511627908,0.4813953488372093
