bucket,err
low,27.702922948455107
mid-low,36.6920088446983
mid-high,38.819226812447894
high,72.92014575608083
