frequency,target,RMSE,MSE,MAE,MAPE
5min,request_count,59.96497239292494,3595.7979140842504,43.97787818880297,23.724436874961224
