bucket,scale_factor
mid-high,1.4318988542267927
mid-low,1.01814135936065
low,0.7013615510854428
high,1.8498520133744707
