Model,MAE,MSE,RMSE,MAPE (%),R²,UPR,OPR
BiLSTM,196287.46991779655,68065454667.95363,260893.56961786855,87.31315457067366,0.5484630706755085,0.49071925754060325,0.5092807424593968
