Model,MAE,MSE,RMSE,MAPE,R2
Prophet,171.43787965566165,57407.439582750216,239.5984966203883,30.994279153112565,0.543988936785319
LSTM,220.4430963168647,69791.61986371857,264.181036154601,61.25757088414731,0.44561626491538997
Hybrid,85.47748449379296,13589.628961526883,116.57456395598005,16.63035497236116,0.892051950122141
