Model,MAE,MSE,RMSE,MAPE (%),R²,UPR,OPR
LSTM,596034.9983176801,613800516593.7257,783454.2211219018,29.480417821800238,0.7619162856346343,0.45546088303640586,0.5445391169635941
