bucket,err
low,382412.56354340666
mid-low,532990.1934708926
mid-high,638395.8155360207
high,1120537.371435975
