frequency,target,RMSE,MSE,MAE,MAPE
5min,total_bytes,921283.6825235583,848763623684.1685,668583.9859965736,25.788313485028326
