bucket,scale_factor
mid-low,1.0801926000334618
low,0.6634444458044195
mid-high,1.46360679473178
high,1.9313585581976433
