Model,MAE,MSE,RMSE,MAPE (%),R²,UPR,OPR
LSTM,195105.41043675682,67321942989.51972,259464.7239790406,92.29918569363805,0.5533954255952649,0.4854601701469451,0.5145398298530549
