Model,MAE,MSE,RMSE,MAPE,R2
Prophet,2503810.9130060817,11737608860695.373,3426019.39000575,34.025130714299586,0.41931137288803344
LSTM,3311873.74878132,15416947281494.652,3926442.063942196,71.71699036453131,0.23728537409975303
Hybrid,1471648.530981927,3830990373405.8604,1957291.5913082191,21.634203305457103,0.8104714029224844
