Model,MAE,MSE,RMSE,MAPE (%),R²,UPR,OPR
LSTM,86.99207422123399,14239.68600745734,119.33015548241501,16.85387700348613,0.8871714135424371,0.5162790697674419,0.48372093023255813
