Model,MAE,MSE,RMSE,MAPE,R2
Prophet,959101.7646349823,1791187224515.0933,1338352.429113906,38.4213268442745,0.3034324346302024
