Model,MAE,MSE,RMSE,MAPE,R2
Prophet,973493.8383050155,1850591689174.8032,1360364.5427512447,38.54532966911237,0.2803308722955825
LSTM,1319318.649934887,2356070454216.793,1534949.6585285112,95.59002891522864,0.08375727692129065
Hybrid,641592.3316489706,746733755069.3754,864137.5787855631,29.12314519798256,0.7096057259514367
