Model,MAE,MSE,RMSE,MAPE (%),R²,UPR,OPR
LSTM,34.629430046938445,2127.400741528066,46.12375463389842,27.520166132364587,0.8582942050269984,0.5092951200619674,0.4907048799380325
