bucket,err
low,76.92360904188801
mid-low,111.15572120909209
mid-high,109.30494680929384
high,200.32050862523127
