frequency,target,RMSE,MSE,MAE,MAPE
15min,request_count,166.81018891119294,27825.639124587873,124.4261964213763,23.039297414689603
