bucket,scale_factor
mid-low,0.9461167321376045
low,0.7443402014319304
mid-high,1.395540622415948
high,1.7396062243023
