Model,MAE,MSE,RMSE,MAPE,R2
Prophet,60.30581268784606,7566.713282681072,86.98685695368624,36.75063156072657,0.49490013060046567
LSTM,84.83166397893834,9875.094523365833,99.37351016928925,81.90943048808498,0.34080904512708043
Hybrid,36.30450886305825,2418.2307902361536,49.175510065846325,27.727775907874623,0.8385761412260853
