bucket,err
low,1146191.259024943
mid-low,1530812.4615630868
mid-high,1654615.3318756116
high,2960954.10108388
