frequency,target,RMSE,MSE,MAE,MAPE
15min,total_bytes,2456162.573186458,6032734585921.924,1823143.2883868802,23.6363457076397
