bucket,scale_factor
mid-low,1.0536497432889096
low,0.7140100822842385
mid-high,1.3663675035368523
high,1.792808642828858
