Model,MAE,MSE,RMSE,MAPE,R2
Prophet,15.906584795814455,468.7451825669695,21.650523840474843,61.37673737473494,0.35622976438357845
