Model,MAE,MSE,RMSE,MAPE (%),R²,UPR,OPR
BiLSTM,34.67779155556865,2148.2802860375846,46.349544615212615,27.505571501955156,0.8569034221831087,0.5147172734314485,0.48528272656855154
