Model,MAE,MSE,RMSE,MAPE,R2
Prophet,59.52490293567369,7359.099816373465,85.7851957879299,36.67001323771636,0.5087589264606942
