Model,MAE,MSE,RMSE,MAPE,R2
Prophet,259025.29157388673,123728940972.5858,351751.2487150341,124.89790279384303,0.17823795065664416
