Model,MAE,MSE,RMSE,MAPE (%),R²,UPR,OPR
BiLSTM,1423278.7093023255,3715123935720.9595,1927465.6769242247,21.528702988601665,0.8167336230129414,0.42209302325581394,0.577906976744186
