Model,MAE,MSE,RMSE,MAPE (%),R²,UPR,OPR
LSTM,1410237.3238372093,3630460263569.9727,1905376.6723590307,21.422006933695588,0.8209100663095821,0.42441860465116277,0.5755813953488372
