bucket,err
low,73522.37623441179
mid-low,135841.85558175363
mid-high,197335.8901679225
high,323580.2856870837
