frequency,target,RMSE,MSE,MAE,MAPE
1min,total_bytes,256163.01261391654,65619489031.43756,182570.1019177929,35.95597549608993
