bucket,scale_factor
low,0.419344545276543
mid-low,0.9066371088400867
high,1.8823117675597245
mid-high,1.288497551893666
